,Age,Gender,Country,tech_company,benefits,wellness_program,mental_health_consequence,mental_health_interview
0,37,Female,United States,Yes,Yes,No,No,No
1,44,M,United States,No,Don't know,Don't know,Maybe,No
2,32,Male,Canada,Yes,No,No,No,Yes
3,31,Male,United Kingdom,Yes,No,No,Yes,Maybe
4,31,Male,United States,Yes,Yes,Don't know,No,Yes
5,33,Male,United States,Yes,Yes,No,No,No
6,35,Female,United States,Yes,No,No,Maybe,No
7,39,M,Canada,Yes,No,No,No,No
8,42,Female,United States,Yes,Yes,No,Maybe,No
9,23,Male,Canada,Yes,Don't know,Don't know,No,Maybe
10,31,Male,United States,Yes,Don't know,No,No,No
11,29,male,Bulgaria,Yes,Don't know,No,No,Yes
12,42,female,United States,No,Yes,No,Yes,Maybe
13,36,Male,United States,Yes,Don't know,No,No,No
14,27,Male,Canada,Yes,Don't know,Don't know,No,Maybe
15,29,female,United States,Yes,Yes,No,No,Maybe
16,23,Male,United Kingdom,Yes,Don't know,Don't know,Maybe,Maybe
17,32,Male,United States,Yes,Yes,No,Maybe,No
18,46,male,United States,Yes,Yes,Yes,No,No
19,36,Male,France,Yes,No,Yes,No,Maybe
20,29,Male,United States,Yes,Yes,No,Maybe,No
21,31,male,United States,Yes,No,No,No,No
22,46,Male,United States,Yes,Yes,No,Maybe,No
23,41,Male,United States,No,Don't know,No,Maybe,No
24,33,male,United States,Yes,Yes,Don't know,No,No
25,35,male,United States,No,Yes,No,Yes,No
26,33,male,United States,Yes,Don't know,No,Maybe,No
27,35,Female,United States,Yes,Yes,Don't know,No,Maybe
28,34,male,United States,Yes,Don't know,No,No,No
29,37,Male,United Kingdom,Yes,No,No,Yes,No
30,32,Male,United Kingdom,Yes,No,No,Yes,No
31,31,Male,United States,Yes,No,No,Yes,No
32,30,male,United Kingdom,Yes,Don't know,No,Maybe,No
33,42,Male,United States,Yes,Yes,Yes,Maybe,Maybe
34,40,female,United States,Yes,Yes,No,Maybe,No
35,27,Male,United States,Yes,No,No,No,Maybe
36,29,Male,Canada,Yes,No,No,Yes,No
37,38,Male,Portugal,Yes,No,No,Maybe,No
38,50,M,United States,Yes,Yes,No,No,No
39,35,M,United States,Yes,Yes,No,No,Maybe
40,24,Male,United Kingdom,Yes,No,No,Maybe,No
41,35,Male,United States,Yes,Yes,Don't know,Yes,No
42,27,Male,Canada,Yes,No,No,Maybe,No
43,18,Male,Netherlands,Yes,No,No,Yes,No
44,30,Male,United States,Yes,Don't know,No,No,No
45,38,Female,United States,Yes,Yes,No,No,No
46,28,Male,United Kingdom,Yes,Don't know,No,No,Maybe
47,34,Male,United States,Yes,No,No,No,Maybe
48,26,m,Canada,Yes,No,Yes,No,No
49,30,male,United States,Yes,Yes,No,Maybe,No
50,22,M,United States,Yes,No,No,Maybe,No
51,33,Male,United States,Yes,Don't know,Don't know,No,Maybe
52,31,M,United States,Yes,Don't know,Don't know,Maybe,Maybe
53,32,Male,United States,Yes,Don't know,No,Maybe,No
54,28,M,Switzerland,Yes,No,No,No,No
55,27,Male-ish,United States,Yes,Yes,No,Maybe,No
56,32,maile,United States,Yes,Don't know,No,No,No
57,24,Male,United States,Yes,Don't know,No,No,Yes
58,26,Male,United States,No,No,No,No,Maybe
59,33,male,Canada,Yes,Don't know,No,Yes,No
60,44,Male,United States,No,Yes,No,Yes,No
61,26,Female,Poland,Yes,Don't know,Yes,No,Maybe
62,27,Male,United Kingdom,Yes,Yes,No,No,Maybe
63,26,Male,France,Yes,No,No,Yes,No
64,35,male,Canada,Yes,Don't know,No,No,No
65,40,Male,United States,Yes,Yes,Yes,Yes,No
66,23,Female,Australia,Yes,No,No,No,No
67,36,M,United States,Yes,Yes,Don't know,Maybe,Maybe
68,31,Female,United States,No,Don't know,Don't know,Maybe,No
69,34,Male,United States,Yes,No,No,Maybe,No
70,28,m,France,Yes,No,No,Maybe,No
71,34,male,Canada,Yes,Don't know,Don't know,No,No
72,23,Trans-female,United States,Yes,Yes,No,Maybe,No
73,38,Male,United Kingdom,Yes,No,No,No,Maybe
74,33,Male,United States,Yes,Don't know,Yes,Maybe,No
75,19,Male,United Kingdom,Yes,No,No,Yes,No
76,25,Male,United States,Yes,Yes,Yes,No,Maybe
77,31,Male,United States,Yes,No,No,No,Maybe
78,32,Male,United States,Yes,No,No,Yes,No
79,28,m,Germany,Yes,Don't know,Don't know,No,Maybe
80,38,Male,United States,Yes,Yes,No,No,Maybe
81,23,Male,United Kingdom,Yes,Yes,Yes,No,Maybe
82,30,male,Canada,No,No,No,No,No
83,27,Cis Female,United States,Yes,Yes,Yes,Maybe,No
84,33,Male,United States,Yes,No,No,Yes,No
85,31,Male,United States,Yes,Don't know,No,No,Maybe
86,39,Male,United Kingdom,Yes,No,No,Maybe,No
87,34,female,United States,Yes,Yes,No,Yes,No
88,29,F,United States,Yes,Yes,No,Maybe,No
89,32,M,United States,Yes,Don't know,No,No,No
90,31,Male,United States,Yes,Yes,Yes,No,No
91,40,male,United States,Yes,No,No,No,Yes
92,34,Male,United States,Yes,Don't know,No,Maybe,No
93,18,something kinda male?,Russia,Yes,Yes,No,No,Yes
94,25,F,Canada,Yes,Yes,No,Maybe,No
95,29,male,United States,Yes,Don't know,No,No,Maybe
96,24,Male,United States,Yes,Don't know,No,Maybe,No
97,31,male,Mexico,Yes,Don't know,No,No,Maybe
98,33,Cis Male,United States,Yes,No,No,Maybe,No
99,30,M,United States,Yes,No,No,No,Maybe
100,26,female,Canada,No,No,No,Yes,No
101,44,Female,United States,Yes,Yes,Don't know,Maybe,No
102,25,Male,United States,Yes,Don't know,Don't know,No,No
103,33,Male,United States,Yes,Yes,Yes,No,Maybe
104,29,Male,United States,Yes,Yes,Yes,No,No
105,35,Male,United States,Yes,Yes,No,No,No
106,35,M,United States,Yes,Don't know,No,No,No
107,28,Male,Brazil,Yes,No,No,Maybe,No
108,34,m,United States,Yes,Yes,No,Maybe,No
109,32,Male,United States,Yes,Yes,Yes,Maybe,No
110,22,Male,United States,Yes,Yes,No,Yes,No
111,28,Male,United States,Yes,Yes,Yes,No,No
112,45,male,United States,Yes,Yes,No,No,Yes
113,32,Male,United States,Yes,Yes,No,Maybe,No
114,28,male,United States,Yes,Don't know,No,Maybe,No
115,26,Male,United Kingdom,Yes,Don't know,No,No,No
116,21,Male,United Kingdom,No,No,No,Yes,No
117,27,Male,Canada,No,Yes,Yes,Maybe,No
118,18,Male,United States,Yes,No,No,No,No
119,35,Male,United States,Yes,Don't know,No,No,Maybe
120,29,Male,United States,Yes,Yes,No,Yes,No
121,25,Male,United States,Yes,Don't know,No,No,No
122,33,Male,United States,Yes,Don't know,Don't know,No,No
123,36,Male,United States,Yes,Yes,No,Maybe,No
124,27,Male,Canada,No,Yes,No,Maybe,No
125,27,Male,United States,Yes,Yes,Yes,Yes,No
126,27,Male,United Kingdom,Yes,No,No,No,No
127,32,M,United States,Yes,Yes,No,Yes,No
128,31,Male,United Kingdom,Yes,No,No,Maybe,No
129,19,male,Slovenia,Yes,Don't know,No,Yes,No
130,33,Male,United States,Yes,Yes,No,Maybe,No
131,32,male,United States,Yes,No,No,Maybe,No
132,27,Male,United States,Yes,Don't know,Don't know,No,Maybe
133,38,Male,Costa Rica,Yes,No,No,No,Maybe
134,24,Male,Canada,Yes,Don't know,No,No,Maybe
135,39,M,United Kingdom,No,No,No,Yes,No
136,28,Male,United Kingdom,Yes,Don't know,No,No,Maybe
137,39,Male,United States,Yes,Yes,No,No,No
138,29,Female,United States,Yes,Don't know,No,Maybe,No
139,22,m,Austria,Yes,Don't know,Don't know,No,No
140,38,Male,United States,Yes,Don't know,Don't know,Maybe,No
141,37,Male,United Kingdom,No,No,Yes,Yes,No
142,35,M,United States,No,Don't know,Don't know,Yes,No
143,-29,Male,United States,No,Yes,Don't know,No,No
144,30,Female,United States,Yes,Don't know,No,Maybe,No
145,37,Male,United States,No,Yes,Yes,Maybe,Maybe
146,24,M,United Kingdom,Yes,No,No,Maybe,No
147,23,Male,United States,No,No,No,Yes,No
148,30,male,Ireland,Yes,No,Yes,Yes,No
149,29,Female,United States,Yes,Don't know,No,Maybe,No
150,19,Male,Canada,Yes,Don't know,No,Maybe,Maybe
151,32,male,United States,Yes,Don't know,No,No,No
152,28,male,Poland,Yes,No,No,No,Maybe
153,36,Male,United States,Yes,Don't know,Don't know,No,Maybe
154,37,Male,United Kingdom,No,Yes,Yes,Yes,No
155,25,Male,United States,No,Don't know,No,Maybe,No
156,27,Male,United States,Yes,Don't know,No,No,No
157,26,male,United States,No,Don't know,No,Yes,No
158,27,male,United States,Yes,No,No,Maybe,No
159,25,Male,United States,Yes,Don't know,No,Maybe,No
160,36,Male,United Kingdom,No,Yes,Yes,Maybe,No
161,25,F,United States,Yes,Yes,No,Yes,No
162,31,M,United States,Yes,Yes,No,No,No
163,26,male,United States,Yes,Don't know,No,Maybe,No
164,33,F,United States,Yes,No,Yes,No,No
165,27,Woman,United Kingdom,Yes,No,No,No,No
166,34,Male,United States,Yes,No,No,Maybe,No
167,42,male,United States,Yes,No,No,Maybe,No
168,23,male,Ireland,Yes,No,No,Yes,No
169,24,Male,United Kingdom,Yes,Don't know,Yes,Maybe,No
170,26,Male,United Kingdom,Yes,Yes,Don't know,No,No
171,31,Male,United Kingdom,Yes,Don't know,No,Maybe,No
172,22,M,India,Yes,Don't know,No,Yes,Maybe
173,23,Female,United States,Yes,Don't know,No,Maybe,No
174,34,Female,Canada,No,Yes,Yes,No,No
175,31,male,United States,Yes,Don't know,No,Maybe,No
176,28,Male,United Kingdom,No,No,No,No,Maybe
177,32,Female,United States,Yes,Yes,Don't know,No,No
178,45,F,United States,Yes,Yes,No,No,No
179,33,Male,United States,Yes,Don't know,No,No,No
180,29,male,Mexico,Yes,No,No,Maybe,Maybe
181,26,f,India,No,No,No,Maybe,No
182,28,Female,United Kingdom,Yes,Don't know,No,No,Maybe
183,45,M,United States,Yes,Don't know,Don't know,Yes,No
184,43,Male,United States,Yes,Yes,No,Yes,No
185,37,male,United States,Yes,Yes,No,Yes,Maybe
186,24,Male,United Kingdom,Yes,Don't know,No,Maybe,Maybe
187,26,Male,France,Yes,No,No,No,No
188,23,male,United Kingdom,Yes,Don't know,No,No,Maybe
189,35,Female,United States,Yes,Yes,Don't know,Maybe,No
190,38,Female,South Africa,Yes,No,No,Maybe,No
191,28,Male,United States,Yes,Yes,No,Maybe,No
192,28,Male,Russia,Yes,No,No,Yes,No
193,35,Male,United States,Yes,No,No,No,No
194,32,female,Germany,Yes,No,No,Yes,No
195,31,Mal,Italy,Yes,No,No,Maybe,No
196,35,Female,United States,Yes,Don't know,No,Maybe,No
197,26,Male,United States,Yes,Yes,No,No,No
198,27,Male,United States,Yes,Yes,No,Maybe,No
199,28,Male,United Kingdom,Yes,Don't know,No,Maybe,No
200,27,Female,United States,Yes,Yes,No,No,No
201,34,female,United States,No,Yes,Yes,Maybe,No
202,41,male,United States,Yes,No,No,Maybe,Maybe
203,37,Male,Ireland,Yes,No,No,Yes,No
204,34,male,Austria,Yes,Don't know,Don't know,No,No
205,32,Male,United Kingdom,Yes,Don't know,No,Yes,No
206,21,Male,Canada,Yes,No,No,No,Maybe
207,30,M,United States,Yes,No,No,Maybe,No
208,24,male,United States,Yes,Don't know,No,No,No
209,26,male,Bulgaria,Yes,No,No,Yes,No
210,40,Female,United States,Yes,Yes,Yes,No,No
211,37,Male,United Kingdom,No,No,No,Yes,No
212,26,Male,United Kingdom,Yes,No,No,Yes,No
213,32,F,United States,Yes,Don't know,No,Yes,No
214,32,f,United States,No,Yes,Don't know,No,No
215,27,female,United States,Yes,No,Don't know,No,No
216,30,Male,Germany,Yes,Yes,No,No,Maybe
217,31,M,Canada,Yes,Yes,No,No,No
218,29,F,United States,No,Yes,No,Maybe,No
219,41,Male (CIS),United States,Yes,Yes,No,Yes,No
220,34,female,United States,Yes,Yes,No,No,Maybe
221,33,Male,United Kingdom,Yes,Don't know,No,No,Yes
222,28,male,United States,Yes,Don't know,No,No,No
223,28,Male,United States,Yes,No,No,Yes,No
224,23,Male,United States,Yes,Don't know,Don't know,No,No
225,24,M,United States,Yes,Don't know,Don't know,No,Maybe
226,32,male,United States,Yes,No,No,No,No
227,34,Male,Australia,Yes,Don't know,Yes,Yes,No
228,24,Male,United States,Yes,Yes,No,Maybe,Maybe
229,26,male,United Kingdom,Yes,No,No,Maybe,No
230,36,Male,United States,Yes,Yes,No,Maybe,No
231,41,Male,United States,Yes,Yes,No,Maybe,Maybe
232,38,Male,United Kingdom,No,Don't know,Don't know,Yes,No
233,38,Male,United States,Yes,Don't know,No,Maybe,No
234,30,male,Netherlands,Yes,Don't know,Don't know,No,No
235,25,Male,United Kingdom,Yes,No,No,Yes,No
236,37,Male,Canada,Yes,Yes,No,Maybe,No
237,34,Male,United Kingdom,Yes,No,No,No,No
238,37,F,United States,No,Yes,Yes,No,No
239,28,Female,Canada,No,Yes,Yes,No,No
240,22,Male,Sweden,Yes,Don't know,No,No,Maybe
241,34,male,United States,Yes,No,No,Maybe,No
242,33,M,United States,Yes,Yes,Yes,No,No
243,25,Male,South Africa,Yes,No,No,Maybe,No
244,27,Male,United States,Yes,Yes,Don't know,No,Maybe
245,40,M,United States,Yes,Yes,Yes,Yes,No
246,21,Male,United States,No,Don't know,No,Maybe,No
247,29,Male,United Kingdom,No,No,No,No,Maybe
248,32,M,United States,Yes,No,No,Maybe,No
249,29,f,United States,No,Yes,Yes,Maybe,Maybe
250,23,Male,United States,No,Don't know,No,Maybe,No
251,28,Male,United States,Yes,Yes,No,No,No
252,31,male,United States,Yes,Yes,Yes,No,No
253,27,Male,United Kingdom,No,Don't know,Don't know,Maybe,No
254,24,Male,United States,Yes,Don't know,Don't know,No,Maybe
255,29,Male,Canada,Yes,No,No,Yes,No
256,23,Female,United Kingdom,Yes,Don't know,Don't know,Maybe,No
257,42,Male,United States,Yes,No,No,No,No
258,24,Male,United Kingdom,Yes,No,No,Yes,No
259,25,Male,Australia,Yes,No,No,Yes,No
260,27,Female,United States,Yes,Yes,No,Maybe,No
261,27,Male,Canada,Yes,No,No,Yes,No
262,30,Male,United States,Yes,Yes,No,No,Maybe
263,29,male,Poland,Yes,No,No,Maybe,No
264,43,Male,Canada,Yes,No,No,Maybe,Yes
265,32,male,United States,Yes,No,No,No,No
266,41,Male,United States,Yes,Yes,Don't know,No,Yes
267,32,Male,United Kingdom,Yes,Don't know,Don't know,Maybe,Maybe
268,37,Female,United States,Yes,Yes,No,Maybe,No
269,32,Male,United States,Yes,No,No,No,No
270,30,Male,Ireland,Yes,No,No,No,No
271,23,female,United States,No,Yes,Don't know,No,Maybe
272,30,Male,United States,Yes,Yes,Yes,No,No
273,34,male,United Kingdom,Yes,No,No,Maybe,No
274,38,Male,United States,Yes,Yes,No,Yes,No
275,33,Male,Canada,Yes,Yes,Yes,No,No
276,34,male,United States,No,Yes,No,Maybe,No
277,28,male,Colombia,Yes,No,No,Maybe,No
278,28,male,United States,No,Yes,Yes,Maybe,No
279,23,Male,United States,Yes,Don't know,No,Maybe,No
280,22,Male,Australia,Yes,Don't know,Yes,Maybe,No
281,27,male,Portugal,Yes,No,No,Yes,No
282,18,male,United States,Yes,Don't know,No,Yes,No
283,35,male,United States,Yes,Yes,No,Yes,No
284,25,Male,Canada,No,Don't know,No,No,No
285,27,Male,United Kingdom,Yes,No,No,Maybe,Yes
286,26,Female,United States,Yes,Yes,Don't know,Maybe,No
287,18,Male,United States,Yes,Don't know,Don't know,No,No
288,38,Female,United States,Yes,No,No,No,No
289,26,Female,United States,Yes,Yes,Yes,Maybe,No
290,30,Male,Switzerland,Yes,No,No,No,No
291,35,male,United States,Yes,Don't know,No,Yes,No
292,45,male,United States,Yes,Yes,Don't know,Maybe,No
293,32,Male,United States,Yes,Yes,No,Maybe,No
294,56,Male,United States,Yes,Yes,Don't know,No,No
295,24,Female,United States,Yes,Don't know,No,Maybe,No
296,30,F,United States,Yes,Yes,Yes,No,No
297,60,male,United States,Yes,Yes,Don't know,No,Maybe
298,33,Male,United States,Yes,Yes,Yes,Yes,No
299,37,M,United States,Yes,Yes,Yes,No,Maybe
300,23,Female,United States,Yes,Yes,Yes,No,No
301,31,f,United States,Yes,Yes,Don't know,No,No
302,26,Male,United States,Yes,Yes,No,No,No
303,28,female,United States,No,Yes,Yes,Yes,No
304,37,F,United States,Yes,Yes,Don't know,No,No
305,26,male,Canada,Yes,Yes,No,Maybe,Maybe
306,30,queer/she/they,United States,Yes,Yes,No,Maybe,No
307,26,M,United States,Yes,No,No,No,No
308,25,Male,United States,Yes,Don't know,No,No,No
309,27,Male,United States,Yes,Yes,Yes,Maybe,No
310,25,Male,Canada,No,Don't know,No,Yes,No
311,35,male,United States,Yes,Yes,Don't know,No,No
312,36,Male,United States,Yes,No,No,Maybe,No
313,26,Male,United States,Yes,Yes,No,Yes,No
314,27,Male,United States,Yes,Don't know,Don't know,No,Maybe
315,30,male,United States,No,Don't know,No,Maybe,No
316,29,M,United States,No,Don't know,No,Maybe,No
317,25,Male,United States,No,Yes,Yes,No,Maybe
318,22,Female,United States,Yes,Yes,Yes,Maybe,No
319,29,male,Latvia,Yes,No,No,Maybe,No
320,41,Male,United States,Yes,Yes,Don't know,No,Maybe
321,29,Male,United States,Yes,Yes,No,Yes,No
322,32,Male,United States,Yes,Yes,Don't know,No,Maybe
323,24,female,United States,Yes,Yes,No,Maybe,No
324,25,Male,United States,Yes,Yes,Don't know,Maybe,No
325,25,m,United States,Yes,Don't know,Don't know,Maybe,No
326,30,Female,United States,Yes,Yes,Yes,Maybe,No
327,25,Male,United States,Yes,Don't know,Don't know,No,No
328,30,Male,United States,Yes,No,No,Maybe,No
329,33,male,Germany,No,No,No,Yes,Maybe
330,24,Male,United States,Yes,Yes,Yes,No,No
331,25,Male,Canada,Yes,Yes,No,Yes,No
332,31,Male,United States,No,Don't know,No,Maybe,No
333,45,Male,Ireland,Yes,No,No,No,No
334,29,m,Romania,No,No,No,Maybe,Maybe
335,46,M,United States,Yes,Yes,Yes,No,Maybe
336,30,Male,United Kingdom,Yes,Don't know,No,Yes,No
337,29,F,United States,Yes,Yes,Don't know,Maybe,No
338,24,Male,United States,Yes,Yes,Don't know,Yes,No
339,29,male,United States,Yes,Yes,Yes,No,No
340,35,Male,United States,No,Don't know,No,No,No
341,33,f,United States,Yes,No,No,Yes,No
342,27,Male,United States,Yes,Don't know,Don't know,Yes,No
343,36,Male,United States,Yes,Don't know,Don't know,Maybe,No
344,33,Male,United Kingdom,Yes,Don't know,No,Yes,No
345,25,F,United States,Yes,Yes,No,No,No
346,23,Male,United States,No,Don't know,No,No,Maybe
347,54,M,United States,Yes,Don't know,Yes,No,No
348,22,Male,United States,Yes,Don't know,Don't know,Maybe,No
349,25,non-binary,United States,Yes,Yes,Don't know,Maybe,No
350,29,Male,Belgium,No,Don't know,No,Maybe,Maybe
351,27,Male,United States,Yes,Yes,Yes,No,No
352,30,Male,United Kingdom,Yes,No,No,No,No
353,26,male,United States,Yes,Yes,Don't know,Maybe,No
354,25,Female,Sweden,Yes,Yes,Yes,No,No
355,31,Male,United States,No,No,No,No,No
356,33,M,United States,Yes,Don't know,No,Maybe,No
357,34,M,United States,Yes,Yes,Don't know,Maybe,No
358,34,Male,United States,Yes,No,No,Yes,No
359,29,M,United States,Yes,No,No,No,Maybe
360,33,Femake,United States,Yes,No,No,Maybe,No
361,34,male,Germany,Yes,No,No,No,No
362,26,male,United States,No,No,No,Maybe,No
363,32,Male,United States,No,Yes,Yes,No,No
364,329,Male,United States,Yes,Yes,No,Maybe,No
365,28,Male,United States,Yes,Don't know,No,Maybe,No
366,35,Male,United States,Yes,Yes,Yes,No,No
367,36,Male,United States,Yes,No,No,No,No
368,21,Male,United States,Yes,Yes,No,No,Maybe
369,21,Male,United Kingdom,No,Don't know,No,Yes,No
370,22,F,United States,Yes,Yes,Yes,No,No
371,41,m,United States,Yes,Yes,Yes,Maybe,No
372,55,M,United States,Yes,Yes,Yes,No,No
373,32,F,United States,Yes,Yes,Yes,Maybe,No
374,21,F,United States,Yes,Don't know,Don't know,Yes,No
375,45,M,United States,Yes,Yes,Don't know,Maybe,No
376,27,female,United States,Yes,Yes,No,Yes,No
377,25,Female,United States,Yes,Don't know,No,Maybe,No
378,34,woman,United States,No,Yes,Yes,Maybe,No
379,26,F,United States,Yes,Yes,No,Maybe,No
380,41,Male,Canada,Yes,Yes,No,No,No
381,27,Male,United States,Yes,Yes,Yes,No,No
382,31,Make,United States,Yes,Yes,No,No,No
383,25,Male,Germany,Yes,No,No,No,No
384,26,M,United States,Yes,Don't know,No,Yes,No
385,27,female,United States,Yes,Yes,No,Maybe,No
386,42,Male,New Zealand,Yes,Don't know,No,No,Maybe
387,29,Nah,United States,Yes,Yes,No,Yes,No
388,25,female,United States,Yes,Don't know,No,Yes,No
389,33,Female,Sweden,Yes,Yes,No,Maybe,No
390,99999999999,All,Zimbabwe,Yes,No,No,Yes,Yes
391,40,female,United States,No,Yes,Don't know,Maybe,No
392,31,Male,United States,Yes,Don't know,No,Yes,No
393,26,Male,Canada,Yes,Don't know,Don't know,No,No
394,24,female,United States,No,No,No,Yes,No
395,29,Male,United States,No,Yes,No,Maybe,No
396,48,M,United Kingdom,Yes,Don't know,No,Maybe,No
397,35,Male,United Kingdom,Yes,No,No,Maybe,No
398,32,female,United States,Yes,Don't know,No,Maybe,No
399,29,Male,Canada,Yes,Don't know,Don't know,Maybe,No
400,26,Male,United States,Yes,Yes,No,Maybe,No
401,28,Male,United States,Yes,Yes,No,Maybe,No
402,23,male,United States,Yes,Don't know,No,No,No
403,35,M,United States,Yes,Yes,No,Maybe,No
404,29,male,Germany,Yes,Don't know,No,Maybe,Maybe
405,26,Male,United States,Yes,Yes,No,No,Maybe
406,33,Male,United States,Yes,Yes,Yes,Yes,No
407,33,Male,United States,Yes,Don't know,Don't know,Yes,No
408,22,Male,Brazil,Yes,Don't know,No,No,Maybe
409,30,female,Spain,Yes,No,No,Yes,No
410,33,male,United States,Yes,Yes,No,Yes,No
411,31,Female,United States,No,Don't know,No,Yes,No
412,21,male,United States,Yes,Don't know,Don't know,No,No
413,31,Enby,United Kingdom,Yes,Don't know,No,Yes,No
414,26,F,United States,Yes,Don't know,Don't know,No,No
415,30,Male,United States,Yes,Don't know,No,Maybe,No
416,30,fluid,Germany,Yes,Don't know,No,No,Maybe
417,23,Male,India,Yes,No,No,No,Maybe
418,34,Male,Finland,Yes,No,No,No,No
419,55,M,United States,Yes,No,No,Yes,No
420,28,male,Germany,Yes,Yes,No,No,No
421,26,M,Uruguay,Yes,Don't know,Don't know,No,No
422,28,Male,New Zealand,Yes,Yes,Yes,No,Yes
423,32,Male,United Kingdom,Yes,No,No,No,No
424,28,Female,United States,No,Yes,No,Maybe,No
425,21,M,United States,No,Don't know,No,No,Maybe
426,24,Male,United States,Yes,No,No,Yes,No
427,26,Female,United States,No,Yes,Yes,Maybe,No
428,23,Male,United States,No,Yes,No,No,No
429,24,Female,United States,Yes,Yes,Yes,No,Yes
430,28,Male,Canada,Yes,Don't know,No,Maybe,No
431,24,F,United States,Yes,No,No,Yes,No
432,33,male,United States,Yes,No,No,Yes,Yes
433,34,male,United States,Yes,Don't know,No,Maybe,No
434,27,female,United States,Yes,Don't know,No,Maybe,No
435,28,Male,United States,Yes,Don't know,No,No,No
436,26,Male,United States,Yes,Don't know,Don't know,No,No
437,20,Male,Australia,Yes,Don't know,Don't know,No,No
438,23,female,United States,Yes,Yes,No,Maybe,No
439,29,Male,United States,Yes,Yes,Yes,No,Maybe
440,26,Male,United Kingdom,Yes,No,No,Maybe,No
441,36,Male,United States,Yes,Yes,Yes,Maybe,No
442,41,m,United States,Yes,Yes,Yes,Maybe,Maybe
443,33,female,United States,Yes,Yes,Don't know,No,No
444,23,M,Canada,Yes,Yes,No,No,No
445,39,Male,United States,Yes,Yes,No,Yes,No
446,34,M,United States,Yes,Yes,Don't know,Maybe,No
447,26,F,United States,Yes,Yes,No,Yes,No
448,24,Male,United States,Yes,Yes,Yes,No,No
449,37,Male,Canada,No,Yes,Yes,Maybe,No
450,43,Male,United States,Yes,Yes,No,No,Maybe
451,40,Genderqueer,United States,Yes,Yes,Yes,Yes,No
452,30,male,United States,Yes,Yes,Yes,Yes,No
453,34,M,United States,Yes,Don't know,No,Yes,No
454,27,Male,United States,Yes,Don't know,No,Yes,No
455,36,Male,United States,Yes,Don't know,No,No,Maybe
456,27,Male,Brazil,Yes,No,No,Maybe,No
457,35,Male,Netherlands,Yes,Yes,No,Yes,No
458,32,Male,United Kingdom,Yes,No,No,Maybe,No
459,37,M,United States,Yes,Yes,No,Maybe,No
460,29,Male,United Kingdom,Yes,Don't know,Don't know,No,Maybe
461,33,Female ,United States,Yes,Yes,Yes,Maybe,No
462,28,Make,United States,Yes,No,No,Yes,No
463,26,Female,United States,Yes,Don't know,No,Maybe,No
464,27,M,United States,Yes,Don't know,Yes,Yes,No
465,38,Male,United Kingdom,Yes,No,No,Maybe,No
466,57,M,United States,Yes,Yes,No,Maybe,No
467,28,Male,United Kingdom,Yes,No,No,Yes,No
468,26,male,France,Yes,No,No,Maybe,Maybe
469,42,f,Netherlands,Yes,Yes,No,Yes,No
470,31,Male,United States,Yes,Yes,Yes,No,No
471,58,Male,United States,Yes,Yes,Yes,Maybe,No
472,29,Male,United States,Yes,Don't know,No,Yes,No
473,39,Female,United Kingdom,Yes,Yes,No,Yes,No
474,34,Male,United States,Yes,Don't know,No,Maybe,No
475,57,Male,United States,Yes,Yes,Yes,Maybe,No
476,27,Male,Germany,Yes,No,No,Yes,No
477,23,male,Germany,Yes,Don't know,Don't know,No,Maybe
478,18,male,Finland,No,Don't know,No,Yes,No
479,30,female,United States,Yes,Don't know,No,Maybe,No
480,23,Male,United States,No,Don't know,Don't know,No,Maybe
481,43,M,United States,Yes,Yes,Yes,Yes,No
482,18,Female,United Kingdom,Yes,Don't know,Don't know,Maybe,Maybe
483,29,male,United States,Yes,Yes,No,Maybe,No
484,48,M,United States,Yes,Don't know,No,Maybe,No
485,43,male,Germany,No,No,Don't know,Maybe,No
486,28,Female,United States,Yes,Don't know,No,Yes,No
487,30,Male,United States,Yes,No,No,No,No
488,26,Male,Israel,Yes,No,No,Maybe,No
489,33,Male,Italy,No,No,No,Maybe,No
490,31,Male,United States,Yes,Yes,Don't know,No,No
491,30,M,United States,No,Don't know,No,No,No
492,27,Male,Israel,Yes,No,No,Yes,No
493,24,Female,United States,Yes,No,Don't know,No,No
494,25,male,United States,Yes,Don't know,Don't know,Maybe,No
495,23,Female,United States,Yes,Yes,Don't know,Maybe,No
496,36,m,United States,No,Yes,No,Yes,No
497,25,female,United States,Yes,Don't know,No,Yes,No
498,54,Male,United Kingdom,No,No,Yes,No,Maybe
499,34,Male,Netherlands,Yes,Don't know,Don't know,No,No
500,38,female,United States,Yes,Yes,No,Maybe,No
501,40,Male,Ireland,Yes,No,No,Yes,No
502,32,male,United Kingdom,Yes,No,No,No,No
503,25,Male,Germany,No,Don't know,Don't know,No,No
504,35,Female,United States,Yes,No,No,Yes,No
505,46,male,United States,Yes,Yes,Yes,Maybe,No
506,42,male,United States,No,Yes,Yes,Maybe,Maybe
507,32,male,United Kingdom,Yes,Yes,No,No,Maybe
508,47,M,United States,Yes,Yes,Yes,No,No
509,22,Male,United States,Yes,Yes,Yes,No,No
510,33,Female,United States,Yes,Yes,Yes,No,No
511,25,f,United States,Yes,No,No,Maybe,No
512,29,M,United States,Yes,Don't know,No,Maybe,No
513,39,Male,United States,Yes,Yes,Yes,No,No
514,38,male,United States,Yes,Yes,Yes,Yes,No
515,43,Male,United States,Yes,Don't know,No,Maybe,No
516,46,Male,United States,Yes,Yes,Yes,No,No
517,38,Female,United States,No,Yes,Yes,Maybe,No
518,33,Male,Germany,Yes,Yes,No,Yes,No
519,34,Male,United Kingdom,Yes,No,No,Maybe,No
520,62,M,United States,Yes,Yes,Don't know,Maybe,Maybe
521,23,F,United States,No,Don't know,Don't know,Maybe,No
522,35,Male,United States,No,No,No,Maybe,No
523,25,Male,Bosnia and Herzegovina,Yes,Don't know,Don't know,Maybe,No
524,36,M,United States,Yes,Don't know,Don't know,Maybe,No
525,41,Female,United States,Yes,Yes,Yes,Maybe,No
526,24,male,Austria,Yes,Yes,Don't know,No,Maybe
527,51,Male,New Zealand,Yes,No,Yes,Yes,No
528,29,M,United States,Yes,Yes,No,No,No
529,31,Female,Canada,Yes,Don't know,Don't know,Maybe,No
530,27,Male,United Kingdom,Yes,No,No,No,No
531,31,Male,Australia,Yes,Yes,Yes,No,Yes
532,27,female,Hungary,Yes,No,No,Yes,No
533,23,Male,Sweden,Yes,Don't know,No,No,Maybe
534,21,Male,Canada,Yes,Don't know,Don't know,Yes,No
535,27,Female,Australia,Yes,No,No,Yes,No
536,39,M,United States,Yes,Yes,Yes,Yes,No
537,26,M,United States,Yes,Don't know,No,Maybe,No
538,27,Male,United Kingdom,Yes,Don't know,No,Maybe,No
539,22,Female,United States,Yes,Yes,No,No,No
540,26,F,United States,No,Don't know,No,Maybe,No
541,31,Female,United States,Yes,Yes,No,No,No
542,32,male,United Kingdom,Yes,Don't know,No,No,Yes
543,28,female,United States,Yes,Yes,No,Yes,No
544,28,Androgyne,United Kingdom,Yes,No,No,Yes,Yes
545,23,female,United Kingdom,Yes,Don't know,No,Maybe,No
546,30,Male,United Kingdom,Yes,Don't know,Don't know,No,Maybe
547,36,Male,United States,Yes,Yes,No,Yes,No
548,21,M,United States,Yes,Yes,Yes,No,No
549,30,male,Germany,Yes,No,Don't know,Maybe,Maybe
550,25,Woman,United States,No,Don't know,No,Maybe,No
551,32,Male,New Zealand,Yes,No,No,No,Maybe
552,29,female,Canada,Yes,No,No,Maybe,No
553,21,Agender,United Kingdom,Yes,No,Yes,Maybe,No
554,27,Female,New Zealand,Yes,No,No,Maybe,No
555,32,Female,Canada,No,Don't know,Don't know,Maybe,No
556,34,M,Australia,Yes,Yes,Yes,No,No
557,33,M,United States,Yes,Don't know,Don't know,Yes,No
558,22,Male,Netherlands,Yes,No,No,No,Maybe
559,24,M,United States,Yes,Don't know,Don't know,Maybe,No
560,65,Male,United States,No,No,No,Maybe,No
561,27,Male,United States,Yes,Don't know,No,No,No
562,33,Male,Australia,Yes,Don't know,Don't know,No,Maybe
563,36,Male,United States,Yes,Don't know,No,No,No
564,40,Male,Canada,Yes,No,No,No,No
565,28,male,United States,Yes,Yes,No,Maybe,No
566,39,Male,United States,Yes,Yes,Yes,Yes,No
567,32,Male,United States,Yes,Yes,No,No,Maybe
568,31,male,United States,Yes,Yes,Don't know,Maybe,No
569,38,Make,United States,Yes,Don't know,No,Maybe,No
570,23,Male,United States,Yes,No,No,Maybe,No
571,42,Make,United States,Yes,Yes,Yes,Maybe,Maybe
572,27,Female,United States,Yes,Don't know,Don't know,No,No
573,26,Female,United States,Yes,Yes,No,No,No
574,50,Male,United States,Yes,No,No,No,No
575,37,Male,United States,Yes,Don't know,No,No,No
576,23,Male,United States,Yes,Don't know,Don't know,No,No
577,33,M,United States,Yes,Don't know,No,No,No
578,29,male,Canada,Yes,Yes,No,Yes,No
579,34,Male,United States,No,Yes,No,Maybe,No
580,41,male,United States,Yes,Yes,No,Maybe,No
581,50,Male,United States,Yes,Don't know,No,No,Maybe
582,29,Male,Canada,No,Yes,Yes,Maybe,No
583,35,Male,United States,Yes,No,No,No,Maybe
584,27,Male,Singapore,Yes,No,No,Yes,No
585,40,Female,United States,No,Don't know,No,Maybe,Maybe
586,27,Male,Australia,Yes,No,No,Maybe,No
587,29,f,United States,Yes,Yes,Yes,Maybe,No
588,31,Male,United States,Yes,No,No,Maybe,No
589,43,Male,United States,Yes,No,No,No,No
590,34,Male,United States,Yes,Yes,No,Maybe,No
591,29,Male,United States,Yes,Don't know,No,Yes,No
592,19,Male,Canada,Yes,No,No,Maybe,No
593,41,m,United States,Yes,Yes,Yes,Maybe,No
594,29,Male,United States,Yes,Yes,Yes,No,No
595,23,Male,United States,Yes,Yes,Don't know,No,No
596,24,Female,United States,Yes,Yes,No,Yes,No
597,31,M,United States,Yes,Don't know,No,Yes,No
598,43,Male,United States,Yes,Don't know,Don't know,No,No
599,31,Male,United States,Yes,No,No,Yes,No
600,29,Male,United States,Yes,Yes,Yes,No,No
601,35,Male,United States,Yes,No,Yes,No,No
602,33,Male,United States,No,Yes,No,Yes,No
603,30,cis-female/femme,United States,No,No,No,No,No
604,27,male,United States,Yes,Yes,Don't know,Maybe,No
605,32,Male,United States,Yes,No,No,Maybe,No
606,50,Male,United States,Yes,Don't know,No,Yes,No
607,24,male,United States,No,Don't know,No,Maybe,No
608,27,Male,United States,Yes,Don't know,No,No,No
609,27,Male,Australia,Yes,No,No,Yes,No
610,32,Male,United States,Yes,No,No,No,Maybe
611,42,Male,United States,No,No,No,No,Maybe
612,37,Male,United States,No,Don't know,No,Maybe,No
613,30,Male,Singapore,Yes,Don't know,No,Maybe,No
614,29,Male,United States,Yes,Yes,No,Yes,No
615,30,Male,United States,Yes,No,No,No,No
616,35,Male,United States,Yes,Yes,Yes,No,Maybe
617,35,Male,United States,No,Yes,No,Yes,No
618,38,male,Netherlands,Yes,No,No,Maybe,Maybe
619,22,Male,United Kingdom,Yes,Yes,No,No,Maybe
620,24,m,Germany,Yes,Don't know,No,No,No
621,22,M,Netherlands,Yes,Don't know,No,No,Maybe
622,31,Female,United States,Yes,Yes,No,Maybe,No
623,23,female,United States,Yes,Yes,Yes,Yes,No
624,31,Female,United States,Yes,Don't know,No,No,No
625,28,Female,United States,Yes,Yes,Yes,Maybe,No
626,37,Guy (-ish) ^_^,Canada,No,Yes,No,Yes,No
627,34,male,United States,Yes,No,No,No,No
628,32,male leaning androgynous,Canada,Yes,No,No,Yes,No
629,28,Male,United States,Yes,Yes,No,Yes,No
630,24,Female,United Kingdom,Yes,No,No,Maybe,No
631,56,Male ,United States,Yes,Yes,No,Yes,No
632,31,Male,Germany,Yes,No,No,No,Maybe
633,34,female,United States,Yes,Yes,No,Maybe,No
634,35,m,Germany,No,Don't know,Yes,No,No
635,28,male,Germany,Yes,No,No,No,Yes
636,36,male,Poland,Yes,No,No,No,Maybe
637,30,Male,United Kingdom,Yes,No,No,No,No
638,35,Male,United States,Yes,Yes,No,No,No
639,49,male,Japan,Yes,No,Yes,Yes,No
640,36,Male,Germany,Yes,Yes,No,No,Maybe
641,35,male,Germany,Yes,No,No,Maybe,No
642,29,Female,Australia,No,Yes,Yes,Yes,No
643,57,Male,United States,Yes,Yes,No,Yes,No
644,31,female,Belgium,No,Yes,No,Maybe,No
645,37,Male,Ireland,Yes,No,No,Yes,No
646,25,Male,Ireland,Yes,No,No,Maybe,No
647,30,Male,Australia,Yes,No,No,No,No
648,26,F,Australia,No,No,Yes,No,No
649,22,Female,Netherlands,Yes,No,No,No,No
650,39,M,United States,No,Don't know,Yes,No,No
651,29,Male,United Kingdom,Yes,Don't know,Don't know,Maybe,No
652,54,male,United Kingdom,Yes,Don't know,No,No,Yes
653,34,Female,Australia,No,Don't know,Yes,Yes,No
654,32,M,United States,No,Yes,Yes,Maybe,No
655,25,Male,Nigeria,Yes,No,No,Maybe,No
656,29,male,Poland,Yes,No,No,No,No
657,32,male,Germany,Yes,No,No,No,No
658,30,M,United Kingdom,Yes,Yes,No,Maybe,No
659,31,male,Germany,Yes,Don't know,No,No,Maybe
660,20,F,Switzerland,Yes,Yes,Yes,No,No
661,27,Male,United Kingdom,Yes,Don't know,No,No,Maybe
662,32,Male,United States,Yes,Don't know,Don't know,Maybe,No
663,26,Male,Ireland,Yes,No,No,Maybe,Maybe
664,30,Male,Italy,No,Don't know,No,No,No
665,30,Male,Ireland,Yes,No,Don't know,Maybe,No
666,22,male,India,Yes,Don't know,Don't know,Maybe,Maybe
667,24,male,Ireland,Yes,Don't know,Don't know,No,No
668,26,m,Netherlands,Yes,No,No,Maybe,No
669,43,male,France,Yes,Don't know,No,No,Maybe
670,26,Male,Russia,Yes,No,No,No,No
671,23,Male,United States,Yes,Don't know,No,Maybe,No
672,26,Man,Canada,Yes,Yes,Don't know,No,No
673,26,female,Israel,Yes,Don't know,Don't know,Maybe,No
674,35,Male,Canada,Yes,Don't know,No,Maybe,No
675,28,Male,United States,No,Don't know,No,No,No
676,22,Male,India,Yes,No,No,Maybe,Maybe
677,29,Female,United States,Yes,Don't know,No,Yes,No
678,29,Male,Germany,Yes,No,No,No,Yes
679,45,Male,United States,Yes,Yes,No,No,No
680,33,male,Bulgaria,Yes,No,No,Maybe,No
681,38,Male,United States,No,Yes,Yes,No,No
682,19,Trans woman,United States,No,Don't know,No,Maybe,No
683,29,female,Canada,No,Yes,Yes,No,No
684,21,Female,United Kingdom,Yes,No,No,Yes,No
685,23,Female,India,Yes,Don't know,No,Yes,No
686,33,female,United States,Yes,Yes,Yes,No,No
687,49,Male,United States,Yes,Yes,Yes,Maybe,No
688,28,Male,United States,Yes,Don't know,No,Maybe,No
689,27,f,United Kingdom,Yes,Don't know,Yes,No,Maybe
690,23,male,Canada,Yes,Yes,No,Maybe,No
691,29,M,Netherlands,Yes,No,No,No,No
692,30,m,Germany,Yes,Don't know,No,No,Maybe
693,28,Female,Canada,Yes,Yes,Don't know,No,No
694,32,Male,United Kingdom,Yes,No,No,Yes,No
695,32,Male,United Kingdom,No,Yes,No,No,No
696,37,Male,France,Yes,No,No,Maybe,No
697,39,F,United States,No,No,No,Yes,No
698,31,male,France,Yes,Don't know,No,Maybe,No
699,29,Male,United States,Yes,No,No,Maybe,No
700,30,M,United States,No,Yes,No,Maybe,No
701,33,M,United States,Yes,No,Yes,No,No
702,37,male,United States,Yes,Yes,Don't know,Maybe,No
703,23,Male,United States,No,Yes,Yes,No,No
704,43,M,United States,No,Yes,No,Yes,No
705,32,Male,United Kingdom,Yes,Don't know,No,Maybe,No
706,26,Male,United States,Yes,Don't know,No,Yes,No
707,32,Male,United States,Yes,Don't know,Don't know,No,Yes
708,37,F,United States,Yes,Don't know,No,Yes,No
709,29,Male,United States,Yes,Yes,No,No,Maybe
710,34,Male,United Kingdom,Yes,No,No,Maybe,No
711,27,male,France,Yes,Don't know,Don't know,No,No
712,30,male,United States,Yes,Don't know,No,No,No
713,29,Male,United States,Yes,Yes,No,Maybe,No
714,32,Male,United States,Yes,Yes,Don't know,Yes,No
715,-1726,male,United Kingdom,No,No,No,Yes,No
716,25,Male,Germany,Yes,Yes,Don't know,Maybe,Yes
717,37,male,United States,Yes,Yes,Yes,No,Maybe
718,29,Male,Netherlands,Yes,No,No,No,No
719,27,Man,United States,Yes,Yes,No,No,No
720,33,Male,United Kingdom,Yes,Don't know,No,Maybe,No
721,30,male,Canada,No,Don't know,No,Yes,No
722,29,male,Canada,Yes,No,No,Maybe,No
723,25,Male,United States,Yes,Don't know,Yes,Yes,No
724,33,Male,United States,No,No,No,No,Maybe
725,31,Male,South Africa,Yes,No,No,No,No
726,21,male,Germany,Yes,Don't know,No,Maybe,No
727,30,Male,Switzerland,Yes,Don't know,No,Yes,No
728,29,Male,United States,No,Don't know,Don't know,No,No
729,43,Male,Croatia,Yes,No,No,Yes,No
730,37,m,United Kingdom,Yes,No,No,Yes,Maybe
731,24,Male,France,Yes,No,Yes,Maybe,No
732,29,Male,United States,Yes,Don't know,No,No,No
733,31,Male,United States,No,Yes,Yes,No,No
734,5,Male,United States,Yes,Don't know,No,No,No
735,33,Male,United Kingdom,No,No,No,No,No
736,43,male,United States,No,Yes,Don't know,No,No
737,33,Male,United Kingdom,Yes,Don't know,No,Maybe,No
738,27,Male,United Kingdom,Yes,No,No,Maybe,No
739,36,Male,United States,No,Don't know,Don't know,Yes,No
740,37,male,Australia,Yes,No,No,No,No
741,32,male,Belgium,Yes,No,No,Yes,No
742,39,Male,United Kingdom,Yes,No,No,No,No
743,31,Male,United States,Yes,Yes,No,Maybe,Maybe
744,36,Male,United States,Yes,Yes,No,Maybe,Maybe
745,30,Male,United States,Yes,Don't know,Don't know,No,No
746,28,male,Canada,Yes,Yes,No,No,Maybe
747,32,Male,Italy,Yes,No,No,Maybe,Maybe
748,35,Male,United States,Yes,Yes,Yes,No,No
749,19,Male,Canada,Yes,Don't know,No,No,No
750,33,m,Norway,Yes,Yes,No,No,No
751,42,male,Germany,Yes,Don't know,Yes,No,No
752,37,Male,United States,Yes,Don't know,Don't know,Maybe,No
753,40,Male,Thailand,Yes,No,No,No,Maybe
754,36,M,United States,Yes,Yes,Yes,No,No
755,29,Female,United States,No,Don't know,No,Maybe,No
756,38,f,United States,No,Yes,No,Maybe,No
757,26,M,United States,Yes,Yes,Yes,Yes,No
758,34,male,Germany,Yes,No,No,Maybe,Maybe
759,21,Male,United States,No,No,No,Yes,No
760,31,Male,Canada,Yes,No,No,No,No
761,37,Female,United States,No,Yes,Yes,Maybe,No
762,37,Male,Ireland,Yes,No,No,No,Maybe
763,38,Male,Ireland,Yes,No,No,Yes,No
764,27,Female,United States,Yes,Don't know,Yes,Yes,No
765,39,Male,Netherlands,Yes,No,Yes,No,Maybe
766,33,Female,United States,Yes,Yes,Yes,Maybe,No
767,27,Male,United Kingdom,Yes,Don't know,No,No,Yes
768,36,F,United States,Yes,Yes,No,Maybe,No
769,28,Male,United Kingdom,Yes,Don't know,No,No,Maybe
770,39,male,United Kingdom,No,Don't know,No,Maybe,No
771,33,Male,United States,Yes,No,No,Maybe,No
772,32,Male,United Kingdom,No,Don't know,No,Maybe,No
773,28,Male,United Kingdom,No,Don't know,No,No,Yes
774,37,Male,United Kingdom,Yes,No,No,Yes,No
775,39,Male,Canada,No,Yes,Yes,Yes,No
776,43,msle,United States,Yes,Don't know,No,Maybe,No
777,32,Neuter,United Kingdom,No,Don't know,Yes,No,Yes
778,27,Female,United States,Yes,Don't know,No,Maybe,No
779,31,Female,United Kingdom,Yes,Don't know,No,No,Maybe
780,43,Male,United Kingdom,Yes,Don't know,No,No,Yes
781,33,Male,United States,Yes,No,No,No,Yes
782,34,male,United Kingdom,Yes,Don't know,Don't know,No,No
783,33,M,United States,Yes,Don't know,No,No,No
784,25,Male,United States,Yes,Don't know,No,No,No
785,25,Male,United States,No,Yes,Yes,Maybe,No
786,32,Male,United Kingdom,Yes,No,No,No,No
787,25,Male,United States,Yes,Yes,Don't know,Maybe,No
788,37,Male,Netherlands,No,Don't know,Don't know,Maybe,No
789,39,m,Switzerland,Yes,Yes,Yes,No,No
790,29,M,United Kingdom,Yes,Don't know,No,No,No
791,33,Male,United States,Yes,Yes,Don't know,Maybe,No
792,37,female,United States,Yes,Don't know,No,Yes,No
793,35,Female,United States,No,Yes,No,Yes,No
794,22,Female,United States,Yes,Don't know,Don't know,Yes,No
795,38,Male,United States,Yes,Yes,No,Maybe,No
796,32,Female,United States,Yes,Yes,No,Yes,No
797,28,Male,Brazil,Yes,Don't know,No,Maybe,Maybe
798,27,Male,Switzerland,Yes,No,No,Maybe,No
799,35,female,United States,Yes,Don't know,Don't know,Maybe,No
800,29,Male,United States,No,Yes,Yes,Yes,No
801,23,Male,United States,Yes,No,No,No,Maybe
802,39,M,United States,Yes,Yes,No,Yes,No
803,30,Female,United States,Yes,Yes,Yes,No,No
804,32,M,United Kingdom,Yes,Don't know,No,Maybe,Maybe
805,28,Female (trans),United States,Yes,No,No,Yes,No
806,40,female,United States,No,Yes,Yes,Maybe,No
807,36,f,United States,Yes,Don't know,No,No,No
808,27,Male,United States,Yes,Don't know,No,No,Maybe
809,41,Male,United States,Yes,Yes,No,Maybe,No
810,29,Male,United Kingdom,Yes,Don't know,No,Maybe,No
811,29,m,United Kingdom,Yes,No,No,No,No
812,35,Male,United States,No,No,No,Yes,No
813,28,Male,United States,Yes,No,No,Maybe,No
814,36,F,United Kingdom,Yes,Don't know,Don't know,Maybe,No
815,39,Female,United States,Yes,Don't know,No,Yes,No
816,39,Male,United States,Yes,Yes,Yes,Maybe,No
817,44,male,United States,Yes,No,No,Yes,No
818,26,queer,Germany,Yes,No,Yes,No,Maybe
819,35,Male,Denmark,Yes,No,Yes,No,Maybe
820,40,Female,United States,No,Yes,Yes,Yes,No
821,35,Male,Denmark,Yes,No,Yes,No,Maybe
822,38,M,United States,Yes,No,No,Yes,No
823,34,Male,United States,Yes,Don't know,Don't know,No,No
824,43,M,United States,Yes,Yes,Yes,No,No
825,48,Female (cis),United States,Yes,Don't know,No,Yes,No
826,20,Male,United States,Yes,Don't know,Don't know,No,Maybe
827,40,M,United States,Yes,Don't know,No,Yes,No
828,29,female,United Kingdom,Yes,Don't know,No,Maybe,No
829,35,Male,United States,No,No,No,No,No
830,29,Male,United States,No,Yes,No,Maybe,No
831,40,M,United States,Yes,Yes,No,Maybe,No
832,29,Male,Sweden,Yes,No,No,No,No
833,29,F,United States,Yes,Yes,Don't know,No,No
834,34,male,United States,Yes,No,No,Yes,No
835,44,Male,United Kingdom,No,Don't know,No,Maybe,No
836,24,female,United States,Yes,Yes,No,No,No
837,47,F,United States,Yes,Don't know,No,Yes,No
838,43,m,United Kingdom,No,Don't know,No,Maybe,No
839,36,M,United States,Yes,Yes,Yes,No,No
840,43,male,United States,No,Don't know,No,Maybe,No
841,36,male,United Kingdom,Yes,No,No,No,No
842,31,Female,United States,Yes,Yes,No,No,Maybe
843,35,Male,United States,Yes,Don't know,Yes,Maybe,No
844,33,male,United States,No,Yes,No,No,No
845,37,Male,Italy,Yes,Don't know,Don't know,Yes,No
846,34,M,United States,Yes,Don't know,Yes,Maybe,No
847,36,Male,Netherlands,Yes,No,No,No,No
848,40,m,United States,Yes,No,No,No,No
849,40,M,United States,Yes,Yes,Yes,No,No
850,42,Male,United States,Yes,No,No,Maybe,No
851,23,M,United States,Yes,Yes,No,Maybe,No
852,21,Male,United Kingdom,No,No,No,Maybe,No
853,26,Male,Canada,Yes,No,No,Yes,No
854,31,Male,United States,Yes,Don't know,No,Maybe,No
855,25,M,United States,Yes,Yes,Yes,No,Maybe
856,51,Male,United States,Yes,Yes,Yes,No,No
857,24,Male,United States,Yes,Don't know,Don't know,No,No
858,33,Male,United States,Yes,No,No,Maybe,No
859,32,male,United Kingdom,No,No,No,Yes,No
860,32,male,United Kingdom,No,No,No,Yes,No
861,26,Male,United Kingdom,Yes,No,Don't know,No,Maybe
862,23,M,United States,No,Don't know,Don't know,Maybe,Maybe
863,33,Male,United States,Yes,No,No,Yes,No
864,46,Male,United States,No,Yes,Yes,Yes,No
865,34,male,United Kingdom,Yes,No,No,Yes,No
866,35,M,United States,Yes,Yes,No,Maybe,No
867,39,M,United States,Yes,No,No,Maybe,Maybe
868,32,male,Germany,Yes,No,No,No,Maybe
869,43,Male,Mexico,Yes,Don't know,No,No,No
870,56,m,United States,Yes,Yes,Don't know,No,Yes
871,32,Female,United Kingdom,Yes,Don't know,No,Maybe,No
872,41,male,United Kingdom,No,Yes,Yes,Maybe,No
873,39,Male,United States,Yes,Don't know,Don't know,No,No
874,37,Male,United States,No,Yes,No,Maybe,No
875,30,m,United States,Yes,Don't know,No,Yes,No
876,31,Male,United States,Yes,Yes,Yes,Maybe,No
877,29,M,United States,No,Don't know,No,Maybe,No
878,23,Female,United Kingdom,No,No,No,Yes,No
879,31,male,United States,Yes,Yes,No,Maybe,No
880,29,Male,United States,Yes,Don't know,Don't know,Maybe,No
881,30,Mail,United States,Yes,Yes,Don't know,No,Maybe
882,37,Male,United States,Yes,Yes,Yes,Maybe,No
883,36,male,United States,Yes,Yes,No,No,Yes
884,35,Male,United States,Yes,Yes,No,Maybe,No
885,41,M,United States,No,Don't know,No,Maybe,No
886,31,Male,United Kingdom,Yes,Don't know,No,No,No
887,38,m,United Kingdom,No,Yes,Yes,No,No
888,26,Male,India,Yes,No,No,No,No
889,39,Male,United States,Yes,Yes,Yes,Maybe,Maybe
890,42,male,United States,No,Yes,Don't know,Maybe,No
891,32,Male,United States,Yes,No,No,Yes,No
892,29,m,United States,Yes,Don't know,Don't know,No,No
893,30,Male,United States,Yes,Yes,Don't know,Yes,Maybe
894,40,M,United States,Yes,Don't know,No,Maybe,No
895,51,m,United States,No,Don't know,No,No,No
896,33,Male,United States,Yes,Yes,Yes,No,No
897,34,male,Germany,Yes,No,No,Maybe,No
898,50,Male,United States,Yes,No,No,No,No
899,24,Male,United States,Yes,Don't know,No,No,No
900,25,Male,United States,No,No,No,Yes,No
901,43,Male,United Kingdom,Yes,No,No,Yes,No
902,25,f,United States,Yes,Yes,Yes,Maybe,No
903,24,Male,United Kingdom,Yes,No,No,No,No
904,51,m,United States,Yes,No,No,No,Maybe
905,49,Male,United States,Yes,Yes,No,Yes,No
906,30,Male,United States,Yes,Yes,Yes,Yes,No
907,25,female,United States,Yes,Yes,Yes,Yes,No
908,36,Male,United States,Yes,Yes,Don't know,Maybe,No
909,48,Male,United States,Yes,Yes,Yes,Maybe,No
910,48,male,Australia,Yes,No,No,Yes,No
911,53,Male,United States,Yes,Yes,No,Maybe,No
912,24,Female,United Kingdom,Yes,No,No,No,No
913,33,Male,United States,Yes,Don't know,No,No,No
914,25,Female,Canada,Yes,Yes,No,No,No
915,30,Male,United Kingdom,Yes,No,No,Yes,No
916,30,Male,United States,Yes,No,No,Maybe,Maybe
917,34,male,United Kingdom,Yes,No,No,No,No
918,31,Male,United States,Yes,Yes,Yes,No,Maybe
919,22,F,United States,Yes,Don't know,No,Yes,No
920,28,Male,United States,Yes,Don't know,No,No,No
921,35,Male,United States,No,Yes,No,Maybe,No
922,28,Male,United States,No,Yes,No,Maybe,No
923,42,male,New Zealand,No,No,Don't know,Yes,No
924,33,Male,United States,Yes,Yes,Don't know,No,Yes
925,29,male,United States,Yes,Yes,Yes,Yes,No
926,43,M,United States,No,Yes,No,Maybe,No
927,29,Male,United States,Yes,Yes,Yes,No,Maybe
928,25,Male,United States,Yes,Yes,No,No,Maybe
929,31,Male,United States,Yes,Don't know,Don't know,No,No
930,35,Female,United States,No,Yes,Yes,Maybe,No
931,34,male,United States,Yes,Don't know,No,No,No
932,43,Cis Male,United States,Yes,Yes,No,Yes,No
933,38,Male,United States,Yes,No,No,Yes,No
934,26,Male,United States,Yes,Don't know,No,Maybe,Yes
935,38,Male,United Kingdom,No,No,No,Maybe,No
936,42,Male,United States,Yes,Don't know,No,Yes,No
937,33,Male,Netherlands,Yes,Don't know,No,No,Maybe
938,32,Male,United States,Yes,Yes,Yes,Maybe,No
939,44,male,United States,Yes,Yes,Yes,Maybe,No
940,28,Male,United States,Yes,Yes,Don't know,Maybe,No
941,40,Male,United States,Yes,Yes,Yes,Yes,No
942,31,F,United States,Yes,Yes,No,Maybe,No
943,32,male,United States,Yes,Yes,Yes,Yes,No
944,28,Male,United States,Yes,Don't know,Don't know,Maybe,No
945,39,Male,United States,Yes,Yes,No,Yes,No
946,45,Male,United States,No,Yes,Yes,No,No
947,43,Male,United States,Yes,Yes,Yes,No,Maybe
948,35,Male,United States,Yes,Yes,Don't know,Maybe,No
949,40,Male,United States,Yes,Yes,Don't know,Maybe,No
950,34,Male,Netherlands,Yes,No,No,No,Maybe
951,24,Male,United Kingdom,No,Don't know,No,Yes,No
952,61,male,South Africa,Yes,No,No,Yes,No
953,36,Female ,United States,Yes,Don't know,No,Yes,No
954,38,Male,United States,Yes,No,No,Maybe,Maybe
955,33,male,Germany,Yes,Don't know,Yes,No,Yes
956,30,male,United States,No,Don't know,No,Yes,No
957,34,male,Netherlands,Yes,Yes,Yes,No,No
958,26,Male,United States,Yes,Yes,Don't know,No,No
959,33,M,United Kingdom,Yes,Don't know,Don't know,No,Maybe
960,32,Male,United Kingdom,Yes,Don't know,No,No,No
961,25,male,Germany,Yes,No,No,No,Yes
962,35,male,Germany,No,Don't know,No,Yes,No
963,24,M,United Kingdom,Yes,Don't know,No,Maybe,No
964,55,male,United Kingdom,No,Yes,Yes,Yes,No
965,33,Male,United Kingdom,Yes,No,No,Yes,No
966,26,Female,United Kingdom,Yes,No,No,Maybe,No
967,25,Male,United Kingdom,Yes,Don't know,Don't know,No,No
968,45,Male,United Kingdom,No,Don't know,No,Maybe,No
969,33,female,United Kingdom,Yes,No,Yes,No,No
970,43,Male,United States,Yes,No,No,Yes,No
971,30,Male,United Kingdom,Yes,No,No,Yes,No
972,40,Male,United States,Yes,Don't know,No,No,No
973,49,Male,United States,Yes,Yes,Yes,No,No
974,29,Male,Germany,Yes,Don't know,No,No,Maybe
975,26,male,Germany,Yes,Don't know,Don't know,No,Maybe
976,38,cis male,United States,Yes,Yes,Yes,Maybe,No
977,27,Male,France,No,Yes,Don't know,Maybe,No
978,26,male,Belgium,Yes,Yes,No,Maybe,No
979,28,Male,United Kingdom,Yes,No,No,Maybe,No
980,40,Male,United States,Yes,No,No,Maybe,No
981,37,Female,Canada,Yes,No,No,Yes,Maybe
982,34,female,United Kingdom,No,Yes,No,Yes,No
983,28,male,United States,Yes,Don't know,No,Maybe,No
984,27,Male,Canada,Yes,Yes,Yes,No,Maybe
985,29,Male,United Kingdom,Yes,No,No,No,No
986,39,Female,United Kingdom,Yes,Don't know,No,Yes,No
987,28,male,United Kingdom,Yes,No,No,Yes,No
988,23,Male,United States,Yes,Yes,Yes,No,No
989,8,A little about you,"Bahamas, The",Yes,Yes,Yes,Yes,Yes
990,38,Male,United Kingdom,Yes,No,No,No,No
991,19,Male,United Kingdom,Yes,Yes,No,No,No
992,30,Female,United States,Yes,Yes,Yes,No,No
993,28,male,United Kingdom,Yes,No,No,Maybe,No
994,20,Male,India,Yes,Don't know,No,Yes,No
995,35,Male,United Kingdom,Yes,Don't know,No,No,No
996,39,male,United States,Yes,Yes,No,Maybe,No
997,31,Female,United States,No,Yes,No,Yes,No
998,32,Male,United Kingdom,Yes,No,No,Yes,No
999,27,Male,Sweden,Yes,No,No,No,No
1000,25,Male,United States,Yes,Yes,No,No,Maybe
1001,42,male,United States,Yes,Don't know,No,Maybe,No
1002,34,male,United States,Yes,Yes,No,No,Maybe
1003,26,female,United States,Yes,Don't know,No,Maybe,Maybe
1004,35,Male,United Kingdom,Yes,No,No,Yes,No
1005,34,Male,United Kingdom,Yes,Don't know,No,Maybe,No
1006,38,m,United States,No,Yes,No,No,Yes
1007,34,M,United States,Yes,Don't know,No,Yes,No
1008,39,M,United States,Yes,No,No,No,Maybe
1009,44,F,United States,Yes,Don't know,No,Yes,No
1010,40,male,United States,No,Yes,Yes,Maybe,No
1011,33,female,United States,Yes,No,Don't know,Maybe,No
1012,24,Female,United States,No,Yes,No,Yes,No
1013,38,Female,United States,Yes,Don't know,Don't know,No,No
1014,31,male,United States,Yes,Yes,Yes,Yes,No
1015,23,Male,Israel,Yes,Don't know,No,Maybe,Maybe
1016,26,F,United States,Yes,Don't know,No,No,No
1017,46,Female (trans),United States,No,Yes,Yes,Yes,No
1018,30,Male,United States,Yes,Yes,No,Maybe,No
1019,25,Male,United States,Yes,Don't know,No,Yes,No
1020,19,M,Canada,Yes,Don't know,No,No,No
1021,30,Female,United States,No,Yes,Yes,Maybe,No
1022,32,m,United States,Yes,Yes,Yes,No,No
1023,32,Male,United Kingdom,Yes,No,No,Maybe,No
1024,37,Male,United States,Yes,Don't know,No,Maybe,No
1025,42,M,United States,Yes,Don't know,No,Maybe,No
1026,25,female,United States,Yes,Yes,Yes,Maybe,Maybe
1027,19,Male,United States,Yes,Don't know,No,No,Maybe
1028,40,female,United States,Yes,Yes,Yes,Yes,No
1029,34,Male,United States,No,Yes,Yes,Maybe,No
1030,26,Male,United States,Yes,Don't know,No,No,No
1031,31,Male,United States,Yes,Don't know,Don't know,No,Maybe
1032,40,Male,United States,No,Yes,Yes,Yes,No
1033,31,Female,United States,Yes,No,No,Yes,No
1034,36,M,United States,No,Don't know,No,Yes,No
1035,35,Male,Canada,Yes,No,No,Maybe,No
1036,26,male,Australia,Yes,No,No,No,No
1037,44,m,United States,No,Don't know,Don't know,Yes,No
1038,34,Female,United States,Yes,No,No,No,No
1039,35,Male,United States,Yes,No,No,No,No
1040,28,female,United States,Yes,Don't know,No,Yes,No
1041,33,Male,United States,Yes,Yes,Don't know,No,No
1042,40,M,United States,Yes,Yes,No,Yes,No
1043,26,Male,United States,Yes,Yes,No,Maybe,No
1044,29,f,United Kingdom,No,Yes,No,Maybe,No
1045,26,Female,Canada,Yes,Yes,No,Maybe,No
1046,33,Malr,Italy,Yes,No,No,No,No
1047,28,Male,Brazil,Yes,No,No,No,No
1048,41,Male,United States,No,No,Yes,No,No
1049,39,Male,United Kingdom,Yes,No,Yes,No,No
1050,26,female,United States,Yes,Yes,No,No,No
1051,23,Female,United States,No,No,No,Yes,No
1052,35,Male,Switzerland,Yes,Don't know,No,No,No
1053,36,Male,United States,Yes,Don't know,Don't know,No,No
1054,42,M,United States,No,Don't know,No,Maybe,No
1055,39,Male,United States,Yes,Yes,No,No,No
1056,27,Male,United States,Yes,Don't know,No,Maybe,Maybe
1057,33,male,United States,Yes,Don't know,No,Maybe,No
1058,31,Male ,Canada,Yes,Yes,Don't know,Maybe,No
1059,28,Female,United States,Yes,Yes,Don't know,No,No
1060,29,Female,United States,No,Yes,No,No,Maybe
1061,27,Male,United States,Yes,Don't know,No,Maybe,No
1062,44,M,United States,Yes,Don't know,No,No,No
1063,25,Male,United States,Yes,Don't know,No,Maybe,No
1064,24,male,Germany,Yes,No,No,Maybe,No
1065,25,Male,South Africa,No,Don't know,No,No,No
1066,34,M,United States,Yes,Yes,Don't know,Maybe,No
1067,26,Male,United States,No,Yes,No,Maybe,No
1068,48,Male,United States,No,Yes,Yes,Maybe,No
1069,34,Male,Greece,Yes,No,No,Yes,No
1070,39,Female,United States,Yes,No,No,Maybe,No
1071,43,Male,United States,Yes,Yes,No,Maybe,No
1072,41,M,United States,Yes,Yes,Yes,Maybe,No
1073,25,Male,United States,No,Don't know,No,No,No
1074,31,m,United States,Yes,Yes,No,Maybe,No
1075,40,Male,United States,Yes,Yes,Yes,Yes,No
1076,43,Male,United States,Yes,Yes,No,Maybe,No
1077,27,Female,United States,Yes,Yes,Yes,Maybe,No
1078,37,female,United States,Yes,Yes,No,Yes,No
1079,32,male,Netherlands,Yes,No,No,Maybe,No
1080,25,Male,United States,Yes,No,No,Maybe,No
1081,29,Male,Netherlands,Yes,Don't know,Don't know,No,Maybe
1082,30,Female,United States,No,Yes,No,Yes,No
1083,34,female,Canada,No,Don't know,Yes,No,No
1084,32,male,United Kingdom,No,Yes,Yes,Maybe,No
1085,37,male,Germany,Yes,Don't know,No,No,Maybe
1086,41,male,Germany,Yes,Don't know,No,No,No
1087,38,male,United States,No,Yes,Yes,Yes,No
1088,32,Male,United States,Yes,Yes,Yes,No,No
1089,28,Female,United States,Yes,Yes,Don't know,Maybe,No
1090,11,male,United States,Yes,No,No,No,No
1091,43,male,United States,No,Yes,No,Maybe,No
1092,32,Male,United States,Yes,No,No,Yes,No
1093,25,M,United States,Yes,Yes,Yes,Yes,No
1094,37,Male,United States,Yes,Yes,No,No,No
1095,36,male,United States,No,No,No,No,No
1096,24,Male,United States,Yes,Don't know,No,No,Maybe
1097,40,male,United States,Yes,Yes,Yes,Maybe,No
1098,29,Male,United States,No,Don't know,Yes,No,No
1099,43,Male,United States,Yes,Don't know,No,No,No
1100,29,Male,United States,Yes,Yes,No,Maybe,Maybe
1101,26,Male,United States,Yes,Don't know,No,Maybe,No
1102,33,Female,Canada,Yes,No,No,Yes,No
1103,35,Female,United States,Yes,Don't know,No,No,No
1104,45,M,United States,Yes,Yes,No,Yes,No
1105,25,Male,United States,Yes,No,No,Maybe,No
1106,50,male,France,Yes,No,No,Maybe,No
1107,26,male,Australia,Yes,No,Don't know,No,Maybe
1108,33,female,United States,Yes,Yes,Don't know,Yes,No
1109,30,Male,India,Yes,No,No,Maybe,Maybe
1110,33,male,Croatia,Yes,Yes,No,No,Maybe
1111,29,M,France,Yes,Yes,No,Maybe,No
1112,37,male,Germany,Yes,No,No,Maybe,Maybe
1113,25,Male,United States,Yes,Don't know,Don't know,No,Maybe
1114,40,m,United States,No,Yes,Don't know,Maybe,No
1115,24,Male,Canada,Yes,Yes,No,Maybe,No
1116,40,Male,United Kingdom,Yes,Don't know,No,Maybe,No
1117,46,Male,United States,Yes,Don't know,No,Yes,No
1118,38,Male,United States,No,Yes,Yes,Yes,No
1119,34,Male,United States,Yes,No,No,Yes,No
1120,32,Male,United Kingdom,Yes,No,Yes,No,No
1121,44,Male,United Kingdom,No,No,No,Maybe,No
1122,33,Female,United Kingdom,Yes,Don't know,No,Maybe,No
1123,45,female,United States,No,Don't know,Don't know,No,No
1124,35,Male,United States,Yes,Don't know,Don't know,No,No
1125,26,Male,Germany,Yes,No,No,Maybe,Maybe
1126,20,female,United States,Yes,Don't know,Don't know,No,Maybe
1127,-1,p,United States,Yes,Yes,Yes,Yes,Yes
1128,37,Male,Netherlands,Yes,No,No,Maybe,No
1129,28,male,United States,No,Yes,No,Maybe,No
1130,42,F,United States,No,Yes,No,Yes,No
1131,32,male,United Kingdom,Yes,No,No,Maybe,No
1132,36,F,United States,Yes,Yes,No,Maybe,No
1133,27,M,New Zealand,Yes,No,No,Yes,No
1134,27,M,New Zealand,Yes,No,No,Yes,No
1135,27,Male,United Kingdom,No,No,No,Maybe,Maybe
1136,25,Male,United Kingdom,Yes,No,No,No,No
1137,41,M,United Kingdom,Yes,No,No,Maybe,Maybe
1138,23,Male,Germany,Yes,Don't know,No,Maybe,No
1139,21,Male,United Kingdom,No,Don't know,No,Maybe,No
1140,26,Male,Moldova,Yes,No,No,No,Yes
1141,29,Male,Sweden,Yes,Don't know,Don't know,Maybe,No
1142,28,male,Belgium,No,No,No,Yes,No
1143,27,female,United Kingdom,No,No,No,Maybe,No
1144,23,Male,Israel,No,No,Yes,No,No
1145,26,F,United States,Yes,Don't know,No,Maybe,No
1146,38,Male,United Kingdom,Yes,No,Don't know,No,Maybe
1147,39,M,United Kingdom,No,No,No,Maybe,Maybe
1148,35,M,United States,No,Yes,No,Yes,No
1149,32,male,United States,Yes,Yes,No,Maybe,No
1150,32,Male,United States,Yes,Yes,Yes,Maybe,No
1151,26,Male,United Kingdom,Yes,No,No,Yes,No
1152,38,Male,Canada,Yes,Don't know,No,No,No
1153,34,Female,United Kingdom,No,Yes,Yes,No,Maybe
1154,39,Male,United States,No,Don't know,No,Yes,No
1155,32,male,Canada,Yes,Don't know,No,No,Maybe
1156,37,Male,Netherlands,Yes,Don't know,Don't know,Yes,No
1157,31,male,United Kingdom,Yes,Don't know,No,No,No
1158,30,m,United States,Yes,No,No,No,No
1159,51,M,Singapore,Yes,Don't know,No,Yes,No
1160,29,M,United States,Yes,Yes,No,Yes,No
1161,31,Male,United Kingdom,Yes,Yes,No,Maybe,No
1162,31,Male,India,Yes,Don't know,No,Yes,No
1163,26,Male,United States,Yes,Don't know,No,Maybe,Maybe
1164,46,Female,United States,No,Yes,No,Maybe,No
1165,32,Male,United States,Yes,Yes,Yes,Maybe,No
1166,29,Male,United States,No,Yes,Yes,Maybe,No
1167,34,male,Poland,Yes,Don't know,No,Maybe,No
1168,26,Male,Colombia,Yes,No,No,Yes,No
1169,32,Female,United States,Yes,Yes,No,Maybe,No
1170,29,Male,United States,Yes,Don't know,No,Maybe,Maybe
1171,30,Male,United States,No,Yes,Yes,Yes,No
1172,40,F,United States,Yes,Yes,No,No,No
1173,23,Male,United Kingdom,Yes,No,No,Maybe,Yes
1174,20,Male,Georgia,No,No,No,Yes,No
1175,38,male,United States,Yes,Don't know,No,No,No
1176,26,Female,United States,Yes,Yes,No,Maybe,No
1177,29,Male,United States,Yes,No,No,No,No
1178,40,m,China,Yes,No,No,No,Maybe
1179,25,female,Bulgaria,Yes,No,No,Maybe,Maybe
1180,32,Woman,United States,Yes,Yes,No,Maybe,No
1181,38,male,United States,No,Yes,Yes,Maybe,No
1182,72,Female,United States,No,Yes,Don't know,Maybe,No
1183,35,female,United States,Yes,No,No,Maybe,No
1184,28,F,United States,Yes,No,No,Yes,No
1185,27,femail,United States,No,Don't know,Don't know,No,No
1186,56,female,United States,Yes,Don't know,Don't know,Maybe,No
1187,38,Male,United States,Yes,Yes,No,Maybe,No
1188,31,Female,Belgium,Yes,Don't know,No,Maybe,No
1189,40,Male,United States,Yes,Yes,No,Maybe,No
1190,44,M,United States,Yes,Yes,No,Maybe,No
1191,34,Male,Canada,Yes,Yes,Yes,Maybe,No
1192,37,Male,United Kingdom,Yes,Don't know,No,No,No
1193,38,male,Italy,Yes,Don't know,Don't know,No,Yes
1194,27,male,Germany,Yes,Don't know,No,No,Yes
1195,34,female,Ireland,No,Yes,Yes,Yes,No
1196,35,Female,Ireland,Yes,Don't know,No,Maybe,No
1197,34,male,Ireland,Yes,No,No,Yes,No
1198,32,Male,United States,Yes,Yes,No,Yes,No
1199,25,male,Ireland,Yes,Don't know,No,Maybe,No
1200,28,Male,Australia,Yes,No,No,Yes,No
1201,28,Female,United States,Yes,Yes,No,Yes,No
1202,31,Male,Brazil,Yes,No,No,No,No
1203,24,Male,United Kingdom,Yes,Don't know,No,Maybe,No
1204,34,Male,Ireland,Yes,No,No,Maybe,No
1205,32,male,Ireland,Yes,No,No,No,No
1206,34,Male,United Kingdom,No,Don't know,No,Maybe,Maybe
1207,23,Male,United States,Yes,No,No,Maybe,No
1208,33,Male,Czech Republic,Yes,No,No,No,Maybe
1209,29,male,Singapore,Yes,Don't know,No,Maybe,No
1210,24,male,Ireland,Yes,No,No,Maybe,No
1211,45,male,Ireland,Yes,Don't know,No,Yes,No
1212,34,Female,United Kingdom,No,No,No,Maybe,No
1213,31,Male,Philippines,Yes,Don't know,No,Yes,No
1214,33,Male,United States,Yes,Yes,No,Maybe,No
1215,28,male,Netherlands,Yes,No,No,Maybe,No
1216,27,Male,United Kingdom,No,Don't know,No,No,No
1217,42,male,Ireland,Yes,No,No,Yes,No
1218,28,male,Netherlands,Yes,No,No,Maybe,No
1219,38,Male,United States,Yes,Yes,Yes,No,No
1220,46,Male,United States,Yes,Don't know,No,Maybe,No
1221,46,male,United States,Yes,Don't know,Don't know,No,Yes
1222,41,female,Netherlands,Yes,Don't know,Don't know,No,Yes
1223,23,Male ,United Kingdom,Yes,Don't know,No,Maybe,No
1224,24,male,Ireland,Yes,Yes,No,Maybe,No
1225,23,female,Ireland,Yes,No,Yes,No,No
1226,39,Male,Netherlands,No,Yes,Yes,Maybe,No
1227,32,Female,Ireland,Yes,Yes,Don't know,Maybe,No
1228,25,Male,United States,Yes,Don't know,No,Yes,No
1229,39,Male,Greece,Yes,No,No,Yes,No
1230,23,Female,United Kingdom,Yes,No,No,No,Maybe
1231,24,Cis Man,United Kingdom,Yes,No,No,Maybe,No
1232,25,Male,United Kingdom,No,Yes,Yes,No,Yes
1233,23,Male,United Kingdom,Yes,No,No,No,No
1234,24,"ostensibly male, unsure what that really means",United Kingdom,No,Don't know,No,Yes,No
1235,23,Male,Canada,Yes,Yes,Yes,Maybe,No
1236,60,Male,United States,Yes,Don't know,Yes,Maybe,No
1237,28,male,Ireland,Yes,No,No,Yes,No
1238,28,Male,United States,No,Yes,Yes,Yes,No
1239,30,male,Netherlands,Yes,Don't know,No,Maybe,Maybe
1240,31,male,Germany,Yes,Don't know,No,No,No
1241,31,Male,Poland,Yes,No,No,Maybe,No
1242,28,Male,Ireland,Yes,Don't know,No,Maybe,No
1243,43,f,United States,Yes,Yes,No,No,No
1244,32,female,United Kingdom,No,No,No,Maybe,No
1245,22,Male,Australia,No,Yes,Yes,Maybe,No
1246,32,Male,United States,Yes,Yes,Don't know,No,Maybe
1247,36,male,Finland,Yes,No,No,Yes,No
1248,41,Female,United States,Yes,Yes,No,Yes,No
1249,30,M,United States,Yes,Yes,Don't know,No,Maybe
1250,30,Male,United States,Yes,Yes,Yes,No,Maybe
1251,36,Male,South Africa,No,No,No,No,No
1252,29,male,United States,Yes,Yes,Yes,Yes,No
1253,36,Male,United States,No,Don't know,Yes,Maybe,No
1254,26,male,United Kingdom,Yes,No,No,No,No
1255,32,Male,United States,Yes,Yes,No,No,No
1256,34,male,United States,Yes,Yes,No,Yes,No
1257,46,f,United States,Yes,No,No,Yes,No
1258,25,Male,United States,No,Yes,No,Maybe,No
